Titulo,Guion
No te falta constancia,"Si publicas todos los días y nadie te pregunta, quizá no te falte constancia. Te falta hablar de un problema específico. En vez de decir compra esto, explica qué error ayuda a resolver y cierra con una pregunta."
Publicar no es vender,"Publicar no es vender. Publicar es abrir una puerta. La venta empieza cuando alguien comenta, responde o te escribe por privado y tú sabes continuar la conversación."
El error del enlace,"Uno de los errores más comunes al empezar es publicar solo el enlace. Eso corta la relación. Primero genera interés, luego conversación y después presenta la solución."
Qué publicar hoy,"Si no sabes qué publicar hoy, responde a esta pregunta: ¿qué duda repite tu cliente ideal una y otra vez? Esa respuesta ya te da un post, una story y un reel."
Spam vs ayuda,La diferencia entre spam y ayuda no está solo en el enlace. Está en si tu mensaje nace de una necesidad real del cliente y respeta su contexto.
Métricas iniciales,"Si todavía no vendes, no te obsesiones con la caja. Mira comentarios, respuestas, mensajes y seguimientos. Ahí empieza el aprendizaje real."
Por qué nadie responde,Muchas veces nadie responde porque tu CTA no invita a reaccionar. Cambia descubre más por una pregunta concreta o una palabra clave.
Historia corta,"Cuenta una historia breve: qué intentaste, qué error cometiste y qué aprendiste. Esa estructura conecta mucho más que un post puramente promocional."
WhatsApp natural,"WhatsApp funciona mejor cuando llegas desde el contenido. Si alguien ya te respondió o te pidió más información, la conversación entra más caliente y natural."
Plan de 30 días,"No necesitas inventar una idea nueva cada mañana. Necesitas un calendario simple que combine educación, interacción, confianza y conversación."
