N,Categoria,Prompt
1,Captación local,"Actúa como experto en marketing dental LATAM y ayúdame a crear una campaña local para captar pacientes interesados en [tratamiento] en [ciudad]. Usa lenguaje claro, ético, sin prometer resultados médicos, con CTA a valoración y una versión corta para WhatsApp. Caso: [describe tu clínica, ciudad, tratamiento, precio orientativo y objeción frecuente]."
2,Captación local,"Actúa como experto en marketing dental LATAM y ayúdame a crear una campaña local para captar pacientes interesados en [tratamiento] en [ciudad]. Usa lenguaje claro, ético, sin prometer resultados médicos, con CTA a valoración y una versión corta para WhatsApp. Caso: [describe tu clínica, ciudad, tratamiento, precio orientativo y objeción frecuente]."
3,Captación local,"Actúa como experto en marketing dental LATAM y ayúdame a crear una campaña local para captar pacientes interesados en [tratamiento] en [ciudad]. Usa lenguaje claro, ético, sin prometer resultados médicos, con CTA a valoración y una versión corta para WhatsApp. Caso: [describe tu clínica, ciudad, tratamiento, precio orientativo y objeción frecuente]."
4,Captación local,"Actúa como experto en marketing dental LATAM y ayúdame a crear una campaña local para captar pacientes interesados en [tratamiento] en [ciudad]. Usa lenguaje claro, ético, sin prometer resultados médicos, con CTA a valoración y una versión corta para WhatsApp. Caso: [describe tu clínica, ciudad, tratamiento, precio orientativo y objeción frecuente]."
5,Captación local,"Actúa como experto en marketing dental LATAM y ayúdame a crear una campaña local para captar pacientes interesados en [tratamiento] en [ciudad]. Usa lenguaje claro, ético, sin prometer resultados médicos, con CTA a valoración y una versión corta para WhatsApp. Caso: [describe tu clínica, ciudad, tratamiento, precio orientativo y objeción frecuente]."
6,Captación local,"Actúa como experto en marketing dental LATAM y ayúdame a crear una campaña local para captar pacientes interesados en [tratamiento] en [ciudad]. Usa lenguaje claro, ético, sin prometer resultados médicos, con CTA a valoración y una versión corta para WhatsApp. Caso: [describe tu clínica, ciudad, tratamiento, precio orientativo y objeción frecuente]."
7,Captación local,"Actúa como experto en marketing dental LATAM y ayúdame a crear una campaña local para captar pacientes interesados en [tratamiento] en [ciudad]. Usa lenguaje claro, ético, sin prometer resultados médicos, con CTA a valoración y una versión corta para WhatsApp. Caso: [describe tu clínica, ciudad, tratamiento, precio orientativo y objeción frecuente]."
8,Captación local,"Actúa como experto en marketing dental LATAM y ayúdame a crear una campaña local para captar pacientes interesados en [tratamiento] en [ciudad]. Usa lenguaje claro, ético, sin prometer resultados médicos, con CTA a valoración y una versión corta para WhatsApp. Caso: [describe tu clínica, ciudad, tratamiento, precio orientativo y objeción frecuente]."
9,Captación local,"Actúa como experto en marketing dental LATAM y ayúdame a crear una campaña local para captar pacientes interesados en [tratamiento] en [ciudad]. Usa lenguaje claro, ético, sin prometer resultados médicos, con CTA a valoración y una versión corta para WhatsApp. Caso: [describe tu clínica, ciudad, tratamiento, precio orientativo y objeción frecuente]."
10,Captación local,"Actúa como experto en marketing dental LATAM y ayúdame a crear una campaña local para captar pacientes interesados en [tratamiento] en [ciudad]. Usa lenguaje claro, ético, sin prometer resultados médicos, con CTA a valoración y una versión corta para WhatsApp. Caso: [describe tu clínica, ciudad, tratamiento, precio orientativo y objeción frecuente]."
11,WhatsApp,"Actúa como experto en marketing dental LATAM y ayúdame a mejorar una respuesta de WhatsApp para convertir una consulta en cita. Usa lenguaje claro, ético, sin prometer resultados médicos, con CTA a valoración y una versión corta para WhatsApp. Caso: [describe tu clínica, ciudad, tratamiento, precio orientativo y objeción frecuente]."
12,WhatsApp,"Actúa como experto en marketing dental LATAM y ayúdame a mejorar una respuesta de WhatsApp para convertir una consulta en cita. Usa lenguaje claro, ético, sin prometer resultados médicos, con CTA a valoración y una versión corta para WhatsApp. Caso: [describe tu clínica, ciudad, tratamiento, precio orientativo y objeción frecuente]."
13,WhatsApp,"Actúa como experto en marketing dental LATAM y ayúdame a mejorar una respuesta de WhatsApp para convertir una consulta en cita. Usa lenguaje claro, ético, sin prometer resultados médicos, con CTA a valoración y una versión corta para WhatsApp. Caso: [describe tu clínica, ciudad, tratamiento, precio orientativo y objeción frecuente]."
14,WhatsApp,"Actúa como experto en marketing dental LATAM y ayúdame a mejorar una respuesta de WhatsApp para convertir una consulta en cita. Usa lenguaje claro, ético, sin prometer resultados médicos, con CTA a valoración y una versión corta para WhatsApp. Caso: [describe tu clínica, ciudad, tratamiento, precio orientativo y objeción frecuente]."
15,WhatsApp,"Actúa como experto en marketing dental LATAM y ayúdame a mejorar una respuesta de WhatsApp para convertir una consulta en cita. Usa lenguaje claro, ético, sin prometer resultados médicos, con CTA a valoración y una versión corta para WhatsApp. Caso: [describe tu clínica, ciudad, tratamiento, precio orientativo y objeción frecuente]."
16,WhatsApp,"Actúa como experto en marketing dental LATAM y ayúdame a mejorar una respuesta de WhatsApp para convertir una consulta en cita. Usa lenguaje claro, ético, sin prometer resultados médicos, con CTA a valoración y una versión corta para WhatsApp. Caso: [describe tu clínica, ciudad, tratamiento, precio orientativo y objeción frecuente]."
17,WhatsApp,"Actúa como experto en marketing dental LATAM y ayúdame a mejorar una respuesta de WhatsApp para convertir una consulta en cita. Usa lenguaje claro, ético, sin prometer resultados médicos, con CTA a valoración y una versión corta para WhatsApp. Caso: [describe tu clínica, ciudad, tratamiento, precio orientativo y objeción frecuente]."
18,WhatsApp,"Actúa como experto en marketing dental LATAM y ayúdame a mejorar una respuesta de WhatsApp para convertir una consulta en cita. Usa lenguaje claro, ético, sin prometer resultados médicos, con CTA a valoración y una versión corta para WhatsApp. Caso: [describe tu clínica, ciudad, tratamiento, precio orientativo y objeción frecuente]."
19,WhatsApp,"Actúa como experto en marketing dental LATAM y ayúdame a mejorar una respuesta de WhatsApp para convertir una consulta en cita. Usa lenguaje claro, ético, sin prometer resultados médicos, con CTA a valoración y una versión corta para WhatsApp. Caso: [describe tu clínica, ciudad, tratamiento, precio orientativo y objeción frecuente]."
20,WhatsApp,"Actúa como experto en marketing dental LATAM y ayúdame a mejorar una respuesta de WhatsApp para convertir una consulta en cita. Usa lenguaje claro, ético, sin prometer resultados médicos, con CTA a valoración y una versión corta para WhatsApp. Caso: [describe tu clínica, ciudad, tratamiento, precio orientativo y objeción frecuente]."
21,Presupuestos,"Actúa como experto en marketing dental LATAM y ayúdame a hacer seguimiento de un presupuesto dental sin sonar insistente. Usa lenguaje claro, ético, sin prometer resultados médicos, con CTA a valoración y una versión corta para WhatsApp. Caso: [describe tu clínica, ciudad, tratamiento, precio orientativo y objeción frecuente]."
22,Presupuestos,"Actúa como experto en marketing dental LATAM y ayúdame a hacer seguimiento de un presupuesto dental sin sonar insistente. Usa lenguaje claro, ético, sin prometer resultados médicos, con CTA a valoración y una versión corta para WhatsApp. Caso: [describe tu clínica, ciudad, tratamiento, precio orientativo y objeción frecuente]."
23,Presupuestos,"Actúa como experto en marketing dental LATAM y ayúdame a hacer seguimiento de un presupuesto dental sin sonar insistente. Usa lenguaje claro, ético, sin prometer resultados médicos, con CTA a valoración y una versión corta para WhatsApp. Caso: [describe tu clínica, ciudad, tratamiento, precio orientativo y objeción frecuente]."
24,Presupuestos,"Actúa como experto en marketing dental LATAM y ayúdame a hacer seguimiento de un presupuesto dental sin sonar insistente. Usa lenguaje claro, ético, sin prometer resultados médicos, con CTA a valoración y una versión corta para WhatsApp. Caso: [describe tu clínica, ciudad, tratamiento, precio orientativo y objeción frecuente]."
25,Presupuestos,"Actúa como experto en marketing dental LATAM y ayúdame a hacer seguimiento de un presupuesto dental sin sonar insistente. Usa lenguaje claro, ético, sin prometer resultados médicos, con CTA a valoración y una versión corta para WhatsApp. Caso: [describe tu clínica, ciudad, tratamiento, precio orientativo y objeción frecuente]."
26,Presupuestos,"Actúa como experto en marketing dental LATAM y ayúdame a hacer seguimiento de un presupuesto dental sin sonar insistente. Usa lenguaje claro, ético, sin prometer resultados médicos, con CTA a valoración y una versión corta para WhatsApp. Caso: [describe tu clínica, ciudad, tratamiento, precio orientativo y objeción frecuente]."
27,Presupuestos,"Actúa como experto en marketing dental LATAM y ayúdame a hacer seguimiento de un presupuesto dental sin sonar insistente. Usa lenguaje claro, ético, sin prometer resultados médicos, con CTA a valoración y una versión corta para WhatsApp. Caso: [describe tu clínica, ciudad, tratamiento, precio orientativo y objeción frecuente]."
28,Presupuestos,"Actúa como experto en marketing dental LATAM y ayúdame a hacer seguimiento de un presupuesto dental sin sonar insistente. Usa lenguaje claro, ético, sin prometer resultados médicos, con CTA a valoración y una versión corta para WhatsApp. Caso: [describe tu clínica, ciudad, tratamiento, precio orientativo y objeción frecuente]."
29,Presupuestos,"Actúa como experto en marketing dental LATAM y ayúdame a hacer seguimiento de un presupuesto dental sin sonar insistente. Usa lenguaje claro, ético, sin prometer resultados médicos, con CTA a valoración y una versión corta para WhatsApp. Caso: [describe tu clínica, ciudad, tratamiento, precio orientativo y objeción frecuente]."
30,Presupuestos,"Actúa como experto en marketing dental LATAM y ayúdame a hacer seguimiento de un presupuesto dental sin sonar insistente. Usa lenguaje claro, ético, sin prometer resultados médicos, con CTA a valoración y una versión corta para WhatsApp. Caso: [describe tu clínica, ciudad, tratamiento, precio orientativo y objeción frecuente]."
31,Reseñas,"Actúa como experto en marketing dental LATAM y ayúdame a pedir una reseña de Google de forma elegante y breve. Usa lenguaje claro, ético, sin prometer resultados médicos, con CTA a valoración y una versión corta para WhatsApp. Caso: [describe tu clínica, ciudad, tratamiento, precio orientativo y objeción frecuente]."
32,Reseñas,"Actúa como experto en marketing dental LATAM y ayúdame a pedir una reseña de Google de forma elegante y breve. Usa lenguaje claro, ético, sin prometer resultados médicos, con CTA a valoración y una versión corta para WhatsApp. Caso: [describe tu clínica, ciudad, tratamiento, precio orientativo y objeción frecuente]."
33,Reseñas,"Actúa como experto en marketing dental LATAM y ayúdame a pedir una reseña de Google de forma elegante y breve. Usa lenguaje claro, ético, sin prometer resultados médicos, con CTA a valoración y una versión corta para WhatsApp. Caso: [describe tu clínica, ciudad, tratamiento, precio orientativo y objeción frecuente]."
34,Reseñas,"Actúa como experto en marketing dental LATAM y ayúdame a pedir una reseña de Google de forma elegante y breve. Usa lenguaje claro, ético, sin prometer resultados médicos, con CTA a valoración y una versión corta para WhatsApp. Caso: [describe tu clínica, ciudad, tratamiento, precio orientativo y objeción frecuente]."
35,Reseñas,"Actúa como experto en marketing dental LATAM y ayúdame a pedir una reseña de Google de forma elegante y breve. Usa lenguaje claro, ético, sin prometer resultados médicos, con CTA a valoración y una versión corta para WhatsApp. Caso: [describe tu clínica, ciudad, tratamiento, precio orientativo y objeción frecuente]."
36,Reseñas,"Actúa como experto en marketing dental LATAM y ayúdame a pedir una reseña de Google de forma elegante y breve. Usa lenguaje claro, ético, sin prometer resultados médicos, con CTA a valoración y una versión corta para WhatsApp. Caso: [describe tu clínica, ciudad, tratamiento, precio orientativo y objeción frecuente]."
37,Reseñas,"Actúa como experto en marketing dental LATAM y ayúdame a pedir una reseña de Google de forma elegante y breve. Usa lenguaje claro, ético, sin prometer resultados médicos, con CTA a valoración y una versión corta para WhatsApp. Caso: [describe tu clínica, ciudad, tratamiento, precio orientativo y objeción frecuente]."
38,Reseñas,"Actúa como experto en marketing dental LATAM y ayúdame a pedir una reseña de Google de forma elegante y breve. Usa lenguaje claro, ético, sin prometer resultados médicos, con CTA a valoración y una versión corta para WhatsApp. Caso: [describe tu clínica, ciudad, tratamiento, precio orientativo y objeción frecuente]."
39,Reseñas,"Actúa como experto en marketing dental LATAM y ayúdame a pedir una reseña de Google de forma elegante y breve. Usa lenguaje claro, ético, sin prometer resultados médicos, con CTA a valoración y una versión corta para WhatsApp. Caso: [describe tu clínica, ciudad, tratamiento, precio orientativo y objeción frecuente]."
40,Reseñas,"Actúa como experto en marketing dental LATAM y ayúdame a pedir una reseña de Google de forma elegante y breve. Usa lenguaje claro, ético, sin prometer resultados médicos, con CTA a valoración y una versión corta para WhatsApp. Caso: [describe tu clínica, ciudad, tratamiento, precio orientativo y objeción frecuente]."
41,RRSS,"Actúa como experto en marketing dental LATAM y ayúdame a crear un post educativo para Instagram sobre [tema dental]. Usa lenguaje claro, ético, sin prometer resultados médicos, con CTA a valoración y una versión corta para WhatsApp. Caso: [describe tu clínica, ciudad, tratamiento, precio orientativo y objeción frecuente]."
42,RRSS,"Actúa como experto en marketing dental LATAM y ayúdame a crear un post educativo para Instagram sobre [tema dental]. Usa lenguaje claro, ético, sin prometer resultados médicos, con CTA a valoración y una versión corta para WhatsApp. Caso: [describe tu clínica, ciudad, tratamiento, precio orientativo y objeción frecuente]."
43,RRSS,"Actúa como experto en marketing dental LATAM y ayúdame a crear un post educativo para Instagram sobre [tema dental]. Usa lenguaje claro, ético, sin prometer resultados médicos, con CTA a valoración y una versión corta para WhatsApp. Caso: [describe tu clínica, ciudad, tratamiento, precio orientativo y objeción frecuente]."
44,RRSS,"Actúa como experto en marketing dental LATAM y ayúdame a crear un post educativo para Instagram sobre [tema dental]. Usa lenguaje claro, ético, sin prometer resultados médicos, con CTA a valoración y una versión corta para WhatsApp. Caso: [describe tu clínica, ciudad, tratamiento, precio orientativo y objeción frecuente]."
45,RRSS,"Actúa como experto en marketing dental LATAM y ayúdame a crear un post educativo para Instagram sobre [tema dental]. Usa lenguaje claro, ético, sin prometer resultados médicos, con CTA a valoración y una versión corta para WhatsApp. Caso: [describe tu clínica, ciudad, tratamiento, precio orientativo y objeción frecuente]."
46,RRSS,"Actúa como experto en marketing dental LATAM y ayúdame a crear un post educativo para Instagram sobre [tema dental]. Usa lenguaje claro, ético, sin prometer resultados médicos, con CTA a valoración y una versión corta para WhatsApp. Caso: [describe tu clínica, ciudad, tratamiento, precio orientativo y objeción frecuente]."
47,RRSS,"Actúa como experto en marketing dental LATAM y ayúdame a crear un post educativo para Instagram sobre [tema dental]. Usa lenguaje claro, ético, sin prometer resultados médicos, con CTA a valoración y una versión corta para WhatsApp. Caso: [describe tu clínica, ciudad, tratamiento, precio orientativo y objeción frecuente]."
48,RRSS,"Actúa como experto en marketing dental LATAM y ayúdame a crear un post educativo para Instagram sobre [tema dental]. Usa lenguaje claro, ético, sin prometer resultados médicos, con CTA a valoración y una versión corta para WhatsApp. Caso: [describe tu clínica, ciudad, tratamiento, precio orientativo y objeción frecuente]."
49,RRSS,"Actúa como experto en marketing dental LATAM y ayúdame a crear un post educativo para Instagram sobre [tema dental]. Usa lenguaje claro, ético, sin prometer resultados médicos, con CTA a valoración y una versión corta para WhatsApp. Caso: [describe tu clínica, ciudad, tratamiento, precio orientativo y objeción frecuente]."
50,RRSS,"Actúa como experto en marketing dental LATAM y ayúdame a crear un post educativo para Instagram sobre [tema dental]. Usa lenguaje claro, ético, sin prometer resultados médicos, con CTA a valoración y una versión corta para WhatsApp. Caso: [describe tu clínica, ciudad, tratamiento, precio orientativo y objeción frecuente]."
51,Reels,"Actúa como experto en marketing dental LATAM y ayúdame a crear un guion de Reel de 20 segundos para [tratamiento]. Usa lenguaje claro, ético, sin prometer resultados médicos, con CTA a valoración y una versión corta para WhatsApp. Caso: [describe tu clínica, ciudad, tratamiento, precio orientativo y objeción frecuente]."
52,Reels,"Actúa como experto en marketing dental LATAM y ayúdame a crear un guion de Reel de 20 segundos para [tratamiento]. Usa lenguaje claro, ético, sin prometer resultados médicos, con CTA a valoración y una versión corta para WhatsApp. Caso: [describe tu clínica, ciudad, tratamiento, precio orientativo y objeción frecuente]."
53,Reels,"Actúa como experto en marketing dental LATAM y ayúdame a crear un guion de Reel de 20 segundos para [tratamiento]. Usa lenguaje claro, ético, sin prometer resultados médicos, con CTA a valoración y una versión corta para WhatsApp. Caso: [describe tu clínica, ciudad, tratamiento, precio orientativo y objeción frecuente]."
54,Reels,"Actúa como experto en marketing dental LATAM y ayúdame a crear un guion de Reel de 20 segundos para [tratamiento]. Usa lenguaje claro, ético, sin prometer resultados médicos, con CTA a valoración y una versión corta para WhatsApp. Caso: [describe tu clínica, ciudad, tratamiento, precio orientativo y objeción frecuente]."
55,Reels,"Actúa como experto en marketing dental LATAM y ayúdame a crear un guion de Reel de 20 segundos para [tratamiento]. Usa lenguaje claro, ético, sin prometer resultados médicos, con CTA a valoración y una versión corta para WhatsApp. Caso: [describe tu clínica, ciudad, tratamiento, precio orientativo y objeción frecuente]."
56,Reels,"Actúa como experto en marketing dental LATAM y ayúdame a crear un guion de Reel de 20 segundos para [tratamiento]. Usa lenguaje claro, ético, sin prometer resultados médicos, con CTA a valoración y una versión corta para WhatsApp. Caso: [describe tu clínica, ciudad, tratamiento, precio orientativo y objeción frecuente]."
57,Reels,"Actúa como experto en marketing dental LATAM y ayúdame a crear un guion de Reel de 20 segundos para [tratamiento]. Usa lenguaje claro, ético, sin prometer resultados médicos, con CTA a valoración y una versión corta para WhatsApp. Caso: [describe tu clínica, ciudad, tratamiento, precio orientativo y objeción frecuente]."
58,Reels,"Actúa como experto en marketing dental LATAM y ayúdame a crear un guion de Reel de 20 segundos para [tratamiento]. Usa lenguaje claro, ético, sin prometer resultados médicos, con CTA a valoración y una versión corta para WhatsApp. Caso: [describe tu clínica, ciudad, tratamiento, precio orientativo y objeción frecuente]."
59,Reels,"Actúa como experto en marketing dental LATAM y ayúdame a crear un guion de Reel de 20 segundos para [tratamiento]. Usa lenguaje claro, ético, sin prometer resultados médicos, con CTA a valoración y una versión corta para WhatsApp. Caso: [describe tu clínica, ciudad, tratamiento, precio orientativo y objeción frecuente]."
60,Reels,"Actúa como experto en marketing dental LATAM y ayúdame a crear un guion de Reel de 20 segundos para [tratamiento]. Usa lenguaje claro, ético, sin prometer resultados médicos, con CTA a valoración y una versión corta para WhatsApp. Caso: [describe tu clínica, ciudad, tratamiento, precio orientativo y objeción frecuente]."
61,CRM,"Actúa como experto en marketing dental LATAM y ayúdame a clasificar pacientes por estado comercial y próxima acción. Usa lenguaje claro, ético, sin prometer resultados médicos, con CTA a valoración y una versión corta para WhatsApp. Caso: [describe tu clínica, ciudad, tratamiento, precio orientativo y objeción frecuente]."
62,CRM,"Actúa como experto en marketing dental LATAM y ayúdame a clasificar pacientes por estado comercial y próxima acción. Usa lenguaje claro, ético, sin prometer resultados médicos, con CTA a valoración y una versión corta para WhatsApp. Caso: [describe tu clínica, ciudad, tratamiento, precio orientativo y objeción frecuente]."
63,CRM,"Actúa como experto en marketing dental LATAM y ayúdame a clasificar pacientes por estado comercial y próxima acción. Usa lenguaje claro, ético, sin prometer resultados médicos, con CTA a valoración y una versión corta para WhatsApp. Caso: [describe tu clínica, ciudad, tratamiento, precio orientativo y objeción frecuente]."
64,CRM,"Actúa como experto en marketing dental LATAM y ayúdame a clasificar pacientes por estado comercial y próxima acción. Usa lenguaje claro, ético, sin prometer resultados médicos, con CTA a valoración y una versión corta para WhatsApp. Caso: [describe tu clínica, ciudad, tratamiento, precio orientativo y objeción frecuente]."
65,CRM,"Actúa como experto en marketing dental LATAM y ayúdame a clasificar pacientes por estado comercial y próxima acción. Usa lenguaje claro, ético, sin prometer resultados médicos, con CTA a valoración y una versión corta para WhatsApp. Caso: [describe tu clínica, ciudad, tratamiento, precio orientativo y objeción frecuente]."
66,CRM,"Actúa como experto en marketing dental LATAM y ayúdame a clasificar pacientes por estado comercial y próxima acción. Usa lenguaje claro, ético, sin prometer resultados médicos, con CTA a valoración y una versión corta para WhatsApp. Caso: [describe tu clínica, ciudad, tratamiento, precio orientativo y objeción frecuente]."
67,CRM,"Actúa como experto en marketing dental LATAM y ayúdame a clasificar pacientes por estado comercial y próxima acción. Usa lenguaje claro, ético, sin prometer resultados médicos, con CTA a valoración y una versión corta para WhatsApp. Caso: [describe tu clínica, ciudad, tratamiento, precio orientativo y objeción frecuente]."
68,CRM,"Actúa como experto en marketing dental LATAM y ayúdame a clasificar pacientes por estado comercial y próxima acción. Usa lenguaje claro, ético, sin prometer resultados médicos, con CTA a valoración y una versión corta para WhatsApp. Caso: [describe tu clínica, ciudad, tratamiento, precio orientativo y objeción frecuente]."
69,CRM,"Actúa como experto en marketing dental LATAM y ayúdame a clasificar pacientes por estado comercial y próxima acción. Usa lenguaje claro, ético, sin prometer resultados médicos, con CTA a valoración y una versión corta para WhatsApp. Caso: [describe tu clínica, ciudad, tratamiento, precio orientativo y objeción frecuente]."
70,CRM,"Actúa como experto en marketing dental LATAM y ayúdame a clasificar pacientes por estado comercial y próxima acción. Usa lenguaje claro, ético, sin prometer resultados médicos, con CTA a valoración y una versión corta para WhatsApp. Caso: [describe tu clínica, ciudad, tratamiento, precio orientativo y objeción frecuente]."
71,Reactivación,"Actúa como experto en marketing dental LATAM y ayúdame a reactivar pacientes que no visitan la clínica hace más de 6 meses. Usa lenguaje claro, ético, sin prometer resultados médicos, con CTA a valoración y una versión corta para WhatsApp. Caso: [describe tu clínica, ciudad, tratamiento, precio orientativo y objeción frecuente]."
72,Reactivación,"Actúa como experto en marketing dental LATAM y ayúdame a reactivar pacientes que no visitan la clínica hace más de 6 meses. Usa lenguaje claro, ético, sin prometer resultados médicos, con CTA a valoración y una versión corta para WhatsApp. Caso: [describe tu clínica, ciudad, tratamiento, precio orientativo y objeción frecuente]."
73,Reactivación,"Actúa como experto en marketing dental LATAM y ayúdame a reactivar pacientes que no visitan la clínica hace más de 6 meses. Usa lenguaje claro, ético, sin prometer resultados médicos, con CTA a valoración y una versión corta para WhatsApp. Caso: [describe tu clínica, ciudad, tratamiento, precio orientativo y objeción frecuente]."
74,Reactivación,"Actúa como experto en marketing dental LATAM y ayúdame a reactivar pacientes que no visitan la clínica hace más de 6 meses. Usa lenguaje claro, ético, sin prometer resultados médicos, con CTA a valoración y una versión corta para WhatsApp. Caso: [describe tu clínica, ciudad, tratamiento, precio orientativo y objeción frecuente]."
75,Reactivación,"Actúa como experto en marketing dental LATAM y ayúdame a reactivar pacientes que no visitan la clínica hace más de 6 meses. Usa lenguaje claro, ético, sin prometer resultados médicos, con CTA a valoración y una versión corta para WhatsApp. Caso: [describe tu clínica, ciudad, tratamiento, precio orientativo y objeción frecuente]."
76,Reactivación,"Actúa como experto en marketing dental LATAM y ayúdame a reactivar pacientes que no visitan la clínica hace más de 6 meses. Usa lenguaje claro, ético, sin prometer resultados médicos, con CTA a valoración y una versión corta para WhatsApp. Caso: [describe tu clínica, ciudad, tratamiento, precio orientativo y objeción frecuente]."
77,Reactivación,"Actúa como experto en marketing dental LATAM y ayúdame a reactivar pacientes que no visitan la clínica hace más de 6 meses. Usa lenguaje claro, ético, sin prometer resultados médicos, con CTA a valoración y una versión corta para WhatsApp. Caso: [describe tu clínica, ciudad, tratamiento, precio orientativo y objeción frecuente]."
78,Reactivación,"Actúa como experto en marketing dental LATAM y ayúdame a reactivar pacientes que no visitan la clínica hace más de 6 meses. Usa lenguaje claro, ético, sin prometer resultados médicos, con CTA a valoración y una versión corta para WhatsApp. Caso: [describe tu clínica, ciudad, tratamiento, precio orientativo y objeción frecuente]."
79,Reactivación,"Actúa como experto en marketing dental LATAM y ayúdame a reactivar pacientes que no visitan la clínica hace más de 6 meses. Usa lenguaje claro, ético, sin prometer resultados médicos, con CTA a valoración y una versión corta para WhatsApp. Caso: [describe tu clínica, ciudad, tratamiento, precio orientativo y objeción frecuente]."
80,Reactivación,"Actúa como experto en marketing dental LATAM y ayúdame a reactivar pacientes que no visitan la clínica hace más de 6 meses. Usa lenguaje claro, ético, sin prometer resultados médicos, con CTA a valoración y una versión corta para WhatsApp. Caso: [describe tu clínica, ciudad, tratamiento, precio orientativo y objeción frecuente]."
81,Campañas,"Actúa como experto en marketing dental LATAM y ayúdame a diseñar una campaña mensual sin prometer resultados clínicos. Usa lenguaje claro, ético, sin prometer resultados médicos, con CTA a valoración y una versión corta para WhatsApp. Caso: [describe tu clínica, ciudad, tratamiento, precio orientativo y objeción frecuente]."
82,Campañas,"Actúa como experto en marketing dental LATAM y ayúdame a diseñar una campaña mensual sin prometer resultados clínicos. Usa lenguaje claro, ético, sin prometer resultados médicos, con CTA a valoración y una versión corta para WhatsApp. Caso: [describe tu clínica, ciudad, tratamiento, precio orientativo y objeción frecuente]."
83,Campañas,"Actúa como experto en marketing dental LATAM y ayúdame a diseñar una campaña mensual sin prometer resultados clínicos. Usa lenguaje claro, ético, sin prometer resultados médicos, con CTA a valoración y una versión corta para WhatsApp. Caso: [describe tu clínica, ciudad, tratamiento, precio orientativo y objeción frecuente]."
84,Campañas,"Actúa como experto en marketing dental LATAM y ayúdame a diseñar una campaña mensual sin prometer resultados clínicos. Usa lenguaje claro, ético, sin prometer resultados médicos, con CTA a valoración y una versión corta para WhatsApp. Caso: [describe tu clínica, ciudad, tratamiento, precio orientativo y objeción frecuente]."
85,Campañas,"Actúa como experto en marketing dental LATAM y ayúdame a diseñar una campaña mensual sin prometer resultados clínicos. Usa lenguaje claro, ético, sin prometer resultados médicos, con CTA a valoración y una versión corta para WhatsApp. Caso: [describe tu clínica, ciudad, tratamiento, precio orientativo y objeción frecuente]."
86,Campañas,"Actúa como experto en marketing dental LATAM y ayúdame a diseñar una campaña mensual sin prometer resultados clínicos. Usa lenguaje claro, ético, sin prometer resultados médicos, con CTA a valoración y una versión corta para WhatsApp. Caso: [describe tu clínica, ciudad, tratamiento, precio orientativo y objeción frecuente]."
87,Campañas,"Actúa como experto en marketing dental LATAM y ayúdame a diseñar una campaña mensual sin prometer resultados clínicos. Usa lenguaje claro, ético, sin prometer resultados médicos, con CTA a valoración y una versión corta para WhatsApp. Caso: [describe tu clínica, ciudad, tratamiento, precio orientativo y objeción frecuente]."
88,Campañas,"Actúa como experto en marketing dental LATAM y ayúdame a diseñar una campaña mensual sin prometer resultados clínicos. Usa lenguaje claro, ético, sin prometer resultados médicos, con CTA a valoración y una versión corta para WhatsApp. Caso: [describe tu clínica, ciudad, tratamiento, precio orientativo y objeción frecuente]."
89,Campañas,"Actúa como experto en marketing dental LATAM y ayúdame a diseñar una campaña mensual sin prometer resultados clínicos. Usa lenguaje claro, ético, sin prometer resultados médicos, con CTA a valoración y una versión corta para WhatsApp. Caso: [describe tu clínica, ciudad, tratamiento, precio orientativo y objeción frecuente]."
90,Campañas,"Actúa como experto en marketing dental LATAM y ayúdame a diseñar una campaña mensual sin prometer resultados clínicos. Usa lenguaje claro, ético, sin prometer resultados médicos, con CTA a valoración y una versión corta para WhatsApp. Caso: [describe tu clínica, ciudad, tratamiento, precio orientativo y objeción frecuente]."
91,Objeciones,"Actúa como experto en marketing dental LATAM y ayúdame a responder a pacientes que dicen caro, luego veo o estoy comparando. Usa lenguaje claro, ético, sin prometer resultados médicos, con CTA a valoración y una versión corta para WhatsApp. Caso: [describe tu clínica, ciudad, tratamiento, precio orientativo y objeción frecuente]."
92,Objeciones,"Actúa como experto en marketing dental LATAM y ayúdame a responder a pacientes que dicen caro, luego veo o estoy comparando. Usa lenguaje claro, ético, sin prometer resultados médicos, con CTA a valoración y una versión corta para WhatsApp. Caso: [describe tu clínica, ciudad, tratamiento, precio orientativo y objeción frecuente]."
93,Objeciones,"Actúa como experto en marketing dental LATAM y ayúdame a responder a pacientes que dicen caro, luego veo o estoy comparando. Usa lenguaje claro, ético, sin prometer resultados médicos, con CTA a valoración y una versión corta para WhatsApp. Caso: [describe tu clínica, ciudad, tratamiento, precio orientativo y objeción frecuente]."
94,Objeciones,"Actúa como experto en marketing dental LATAM y ayúdame a responder a pacientes que dicen caro, luego veo o estoy comparando. Usa lenguaje claro, ético, sin prometer resultados médicos, con CTA a valoración y una versión corta para WhatsApp. Caso: [describe tu clínica, ciudad, tratamiento, precio orientativo y objeción frecuente]."
95,Objeciones,"Actúa como experto en marketing dental LATAM y ayúdame a responder a pacientes que dicen caro, luego veo o estoy comparando. Usa lenguaje claro, ético, sin prometer resultados médicos, con CTA a valoración y una versión corta para WhatsApp. Caso: [describe tu clínica, ciudad, tratamiento, precio orientativo y objeción frecuente]."
96,Objeciones,"Actúa como experto en marketing dental LATAM y ayúdame a responder a pacientes que dicen caro, luego veo o estoy comparando. Usa lenguaje claro, ético, sin prometer resultados médicos, con CTA a valoración y una versión corta para WhatsApp. Caso: [describe tu clínica, ciudad, tratamiento, precio orientativo y objeción frecuente]."
97,Objeciones,"Actúa como experto en marketing dental LATAM y ayúdame a responder a pacientes que dicen caro, luego veo o estoy comparando. Usa lenguaje claro, ético, sin prometer resultados médicos, con CTA a valoración y una versión corta para WhatsApp. Caso: [describe tu clínica, ciudad, tratamiento, precio orientativo y objeción frecuente]."
98,Objeciones,"Actúa como experto en marketing dental LATAM y ayúdame a responder a pacientes que dicen caro, luego veo o estoy comparando. Usa lenguaje claro, ético, sin prometer resultados médicos, con CTA a valoración y una versión corta para WhatsApp. Caso: [describe tu clínica, ciudad, tratamiento, precio orientativo y objeción frecuente]."
99,Objeciones,"Actúa como experto en marketing dental LATAM y ayúdame a responder a pacientes que dicen caro, luego veo o estoy comparando. Usa lenguaje claro, ético, sin prometer resultados médicos, con CTA a valoración y una versión corta para WhatsApp. Caso: [describe tu clínica, ciudad, tratamiento, precio orientativo y objeción frecuente]."
100,Objeciones,"Actúa como experto en marketing dental LATAM y ayúdame a responder a pacientes que dicen caro, luego veo o estoy comparando. Usa lenguaje claro, ético, sin prometer resultados médicos, con CTA a valoración y una versión corta para WhatsApp. Caso: [describe tu clínica, ciudad, tratamiento, precio orientativo y objeción frecuente]."
